ID,File,Line,Screen/Feature,Current Hausa,English Meaning,Corrected Hausa,Priority
1,lib/screens/home_screen.dart,45,Bottom Navigation Bar,Gida,Navigation label for Home tab,,HIGH
2,lib/screens/home_screen.dart,50,Bottom Navigation Bar,Karin Magana,Navigation label for Proverbs Library tab,,HIGH
3,lib/screens/home_screen.dart,55,Bottom Navigation Bar,Kacici-Kacici,Navigation label for Quiz tab,,HIGH
4,lib/screens/home_screen.dart,60,Bottom Navigation Bar,Bayani,Navigation label for Profile/Information tab,,HIGH
5,lib/screens/home_screen.dart,136,Home Screen - Welcome Card,Barka Da Zuwa Duniyar Hausawa üëã,Welcome message on home screen,,HIGH
6,lib/screens/home_screen.dart,144,Home Screen - Welcome Card,Kasance Cikin Murmushi Ako Da Yaushe ‚ö°Ô∏èüòä,Motivational subtitle - 'Always be happy',,HIGH
7,lib/screens/home_screen.dart,156,Home Screen - Welcome Card,üìö Manhaja mafi girman runbun karin magana a Intanet,Description - 'The largest collection of proverbs on the internet',,HIGH
8,lib/screens/home_screen.dart,176,Home Screen - Today's Proverb Section,Karin Maganarmu a Yau,Section header for 'Our Proverb Today',,HIGH
9,lib/screens/home_screen.dart,227,Home Screen - Share Proverb Text,Karin Magana ta Yau,Share subject line for daily proverb,,MEDIUM
10,lib/screens/home_screen.dart,233,Home Screen - Share Button,Aika,Button to share proverb - 'Send/Share',,HIGH
11,lib/screens/home_screen.dart,247,Home Screen - Quick Actions Section,Me kake son yi?,Section header - 'What do you want to do?',,HIGH
12,lib/screens/home_screen.dart,263,Home Screen - Action Card,Karin Magana,Action card title for Proverbs Library,,HIGH
13,lib/screens/home_screen.dart,264,Home Screen - Action Card,Duba dukkan karin magana,Action card subtitle - 'View all proverbs',,HIGH
14,lib/screens/home_screen.dart,278,Home Screen - Action Card,Kacici-Kacici,Action card title for Quiz,,HIGH
15,lib/screens/home_screen.dart,279,Home Screen - Action Card,Yi gwajin karin magana,Action card subtitle - 'Take proverb quiz',,HIGH
16,lib/screens/home_screen.dart,293,Home Screen - Action Card,Hotuna,Action card title for Photos/Images,,HIGH
17,lib/screens/home_screen.dart,294,Home Screen - Action Card,Kacici-kacicin hotuna,Action card subtitle - 'Photo quiz',,HIGH
18,lib/screens/home_screen.dart,308,Home Screen - Action Card,Runbun Hotuna,Action card title - 'Photo Gallery',,HIGH
19,lib/screens/home_screen.dart,309,Home Screen - Action Card,Hotuna da karin magana,Action card subtitle - 'Photos and proverbs',,HIGH
20,lib/screens/home_screen.dart,323,Home Screen - Action Card,Gasar Gwaji,Action card title - 'Leaderboard/Competition',,HIGH
21,lib/screens/home_screen.dart,324,Home Screen - Action Card,Duba matsayinka,Action card subtitle - 'Check your ranking',,HIGH
22,lib/screens/quiz_game_screen.dart,272,Quiz Game - Loading Screen AppBar,Kacici-Kacici,AppBar title during quiz loading,,HIGH
23,lib/screens/quiz_game_screen.dart,279,Quiz Game - Loading Screen,Ana shirya tambayoyi...,Loading message - 'Preparing questions...',,HIGH
24,lib/screens/quiz_game_screen.dart,297,Quiz Game - Exit Dialog Title,Bar gwaji?,Dialog title - 'Leave quiz?',,HIGH
25,lib/screens/quiz_game_screen.dart,298,Quiz Game - Exit Dialog Content,Ka tabbata kana son barin wannan gwaji?,Dialog content - 'Are you sure you want to leave this quiz?',,HIGH
26,lib/screens/quiz_game_screen.dart,302,Quiz Game - Exit Dialog Button,A'a,Dialog button - 'No',,HIGH
27,lib/screens/quiz_game_screen.dart,306,Quiz Game - Exit Dialog Button,I,Dialog button - 'Yes',,HIGH
28,lib/screens/quiz_game_screen.dart,318,Quiz Game - AppBar Title,Tambaya ${_currentQuestionIndex + 1}/${_questions.length},AppBar title showing question number (with interpolation),,HIGH
29,lib/screens/quiz_game_screen.dart,380,Quiz Game - Score Badge,Daidai,Correct answers label,,HIGH
30,lib/screens/quiz_game_screen.dart,386,Quiz Game - Score Badge,Kuskure,Wrong answers label,,HIGH
31,lib/screens/quiz_game_screen.dart,392,Quiz Game - Score Badge,Lokaci,Time label,,HIGH
32,lib/screens/quiz_game_screen.dart,430,Quiz Game - Streak Indicator,Ci gaba haka! $_currentStreak daidai a jere,Streak message - 'Keep going! X correct in a row' (with interpolation),,HIGH
33,lib/screens/quiz_screen.dart,13,Quiz Setup Screen - AppBar,Kacici-Kacici,AppBar title for Quiz selection screen,,HIGH
34,lib/screens/quiz_screen.dart,28,Quiz Setup Screen - Header,Gwajin Karin Magana,Screen header - 'Proverb Quiz',,HIGH
35,lib/screens/quiz_screen.dart,34,Quiz Setup Screen - Description,Gwada sanin ku game da karin maganar Hausa,Description - 'Test your knowledge of Hausa proverbs',,HIGH
36,lib/screens/quiz_screen.dart,45,Quiz Setup Screen - Quick Quiz Option,Gwaji Mai Sauri,Quick quiz option title,,HIGH
37,lib/screens/quiz_screen.dart,46,Quiz Setup Screen - Quick Quiz Option,Tambayoyi 5,Subtitle - '5 Questions',,HIGH
38,lib/screens/quiz_screen.dart,62,Quiz Setup Screen - Medium Quiz Option,Gwaji Matsakaici,Medium quiz option title,,HIGH
39,lib/screens/quiz_screen.dart,63,Quiz Setup Screen - Medium Quiz Option,Tambayoyi 10,Subtitle - '10 Questions',,HIGH
40,lib/screens/quiz_screen.dart,79,Quiz Setup Screen - Hard Quiz Option,Gwaji Mai Tsanani,Hard quiz option title,,HIGH
41,lib/screens/quiz_screen.dart,80,Quiz Setup Screen - Hard Quiz Option,Tambayoyi 20,Subtitle - '20 Questions',,HIGH
42,lib/screens/quiz_results_screen.dart,73,Quiz Results - Share SnackBar,An kwafi sakamakon!,SnackBar message - 'Results copied!',,MEDIUM
43,lib/screens/quiz_results_screen.dart,99,Quiz Results - AppBar,Sakamakon Gwaji,AppBar title - 'Quiz Results',,HIGH
44,lib/screens/quiz_results_screen.dart,191,Quiz Results - Stat Card,Daidai,Correct answers label,,HIGH
45,lib/screens/quiz_results_screen.dart,200,Quiz Results - Stat Card,Kuskure,Wrong answers label,,HIGH
46,lib/screens/quiz_results_screen.dart,215,Quiz Results - Stat Card,Tambayoyi,Questions label,,HIGH
47,lib/screens/quiz_results_screen.dart,224,Quiz Results - Stat Card,Lokaci,Time label,,HIGH
48,lib/screens/quiz_results_screen.dart,236,Quiz Results - Stat Card,Matsakaicin Lokaci kowace Tambaya,Average time per question label,,HIGH
49,lib/screens/quiz_results_screen.dart,247,Quiz Results - Retry Button,Sake Gwadawa,Button to retry quiz,,HIGH
50,lib/screens/quiz_results_screen.dart,260,Quiz Results - Share Button,Tura Sakamako,Button to share results,,HIGH
51,lib/screens/quiz_results_screen.dart,271,Quiz Results - Home Button,Koma Gida,Button to go home,,HIGH
52,lib/screens/quiz_results_screen.dart,358,Quiz Results - Motivational Message (90%+),Kai ∆ôwaro! Ka ∆ôware sosai a karin magana!,Excellent performance message,,MEDIUM
53,lib/screens/quiz_results_screen.dart,360,Quiz Results - Motivational Message (80%+),Masha Allah! Ka yi ∆ôo∆ôari sosai! Ci gaba da haka!,Very good performance message,,MEDIUM
54,lib/screens/quiz_results_screen.dart,362,Quiz Results - Motivational Message (70%+),Ka yi ∆ôo∆ôari! Amma in kana da kyau to ka ∆ôara da wanka !,Good effort message with encouragement,,MEDIUM
55,lib/screens/quiz_results_screen.dart,364,Quiz Results - Motivational Message (60%+),Ba laifi! Amma zaka iya abinda ya fi haka!,Encouraging message - 'Not bad! You can do better',,MEDIUM
56,lib/screens/quiz_results_screen.dart,366,Quiz Results - Motivational Message (50%+),Ka fi wani wani ya fi ka! Amma ∆ôara yin nazari za ka yi nasara sosai!,Encouraging message for average performance,,MEDIUM
57,lib/screens/quiz_results_screen.dart,368,Quiz Results - Motivational Message (<50%),Kar ka damu! Ka ∆ôara gwadawa!,Encouraging message - 'Don't worry! Try again!',,MEDIUM
58,lib/screens/proverb_detail_screen.dart,78,Proverb Detail - AppBar,Karin Magana,AppBar title,,HIGH
59,lib/screens/proverb_detail_screen.dart,85,Proverb Detail - Favorite Button Tooltip,∆òara zuwa abubuwan da ka fi so,Tooltip for add to favorites button,,MEDIUM
60,lib/screens/proverb_detail_screen.dart,90,Proverb Detail - Share Button Tooltip,Raba,Share button tooltip,,MEDIUM
61,lib/screens/proverb_detail_screen.dart,45,Proverb Detail - Added to Favorites SnackBar,An ∆ôara zuwa abubuwan da ka fi so,SnackBar message when added to favorites,,MEDIUM
62,lib/screens/proverb_detail_screen.dart,46,Proverb Detail - Removed from Favorites SnackBar,An cire daga abubuwan da ka fi so,SnackBar message when removed from favorites,,MEDIUM
63,lib/screens/proverb_detail_screen.dart,58,Proverb Detail - Share SnackBar,An kwafi karin magana!,SnackBar message - 'Proverb copied!',,MEDIUM
64,lib/screens/proverb_detail_screen.dart,68,Proverb Detail - Audio Coming Soon SnackBar,Sauraron murya yana zuwa nan gaba!,SnackBar message - 'Audio coming soon!',,LOW
65,lib/screens/proverb_detail_screen.dart,143,Proverb Detail - Listen Button,Saurara,Button to listen to audio pronunciation,,HIGH
66,lib/screens/proverb_detail_screen.dart,158,Proverb Detail - English Translation Section,Fassara (English),Section header for English translation (Mixed Hausa/English),,MEDIUM
67,lib/screens/proverb_detail_screen.dart,169,Proverb Detail - Hausa Meaning Section,Ma'ana (Hausa),Section header for Hausa meaning (Mixed Hausa/English),,MEDIUM
68,lib/screens/proverb_detail_screen.dart,196,Proverb Detail - Information Section,Bayani,Section header - 'Information',,MEDIUM
69,lib/screens/proverb_detail_screen.dart,205,Proverb Detail - Letter Info,Harafi,Info label - 'Letter',,MEDIUM
70,lib/screens/proverb_detail_screen.dart,212,Proverb Detail - Difficulty Info,Matsayi,Info label - 'Level/Difficulty',,MEDIUM
71,lib/screens/proverb_detail_screen.dart,219,Proverb Detail - Number Info,Lamba,Info label - 'Number',,MEDIUM
72,lib/screens/proverb_detail_screen.dart,307,Proverb Detail - Easy Difficulty,Sau∆ôi,Difficulty level - 'Easy',,MEDIUM
73,lib/screens/proverb_detail_screen.dart,309,Proverb Detail - Medium Difficulty,Matsakaici,Difficulty level - 'Medium',,MEDIUM
74,lib/screens/proverb_detail_screen.dart,311,Proverb Detail - Hard Difficulty,Wuya,Difficulty level - 'Hard',,MEDIUM
75,lib/screens/proverbs_library_screen.dart,84,Proverbs Library - AppBar,Karin Magana,AppBar title,,HIGH
76,lib/screens/proverbs_library_screen.dart,104,Proverbs Library - Search Field,Nemo karin magana...,Search field hint text - 'Search proverbs...',,HIGH
77,lib/screens/proverbs_library_screen.dart,171,Proverbs Library - Results Count,${_displayedProverbs.length} Karin Magana,Results count display (with interpolation),,MEDIUM
78,lib/screens/proverbs_library_screen.dart,178,Proverbs Library - Filter Chip,Harafi: $_selectedLetter,Filter chip showing selected letter (with interpolation),,MEDIUM
79,lib/screens/proverbs_library_screen.dart,202,Proverbs Library - Empty State,Babu karin magana da ya dace,Empty state message - 'No matching proverbs',,MEDIUM
80,lib/screens/photo_quiz_setup_screen.dart,92,Photo Quiz Setup - Question Count Header,Za…ìi yawan tambayoyin,Header - 'Choose number of questions',,HIGH
81,lib/screens/photo_quiz_setup_screen.dart,106,Photo Quiz Setup - 5 Questions Option,Tambayoyi 5,5 questions option title,,HIGH
82,lib/screens/photo_quiz_setup_screen.dart,107,Photo Quiz Setup - 5 Questions Time,~2 minti,Estimated time - '~2 minutes',,MEDIUM
83,lib/screens/photo_quiz_setup_screen.dart,117,Photo Quiz Setup - 10 Questions Option,Tambayoyi 10,10 questions option title,,HIGH
84,lib/screens/photo_quiz_setup_screen.dart,118,Photo Quiz Setup - 10 Questions Time,~3 minti,Estimated time - '~3 minutes',,MEDIUM
85,lib/screens/photo_quiz_setup_screen.dart,128,Photo Quiz Setup - 20 Questions Option,Tambayoyi 20,20 questions option title,,HIGH
86,lib/screens/photo_quiz_setup_screen.dart,129,Photo Quiz Setup - 20 Questions Time,~7 minti,Estimated time - '~7 minutes',,MEDIUM
87,lib/screens/photo_quiz_game_screen.dart,79,Photo Quiz Game - Error SnackBar,Kuskure wajen …óora gwaji: $e,Error message when quiz fails to load (with interpolation),,LOW
88,lib/screens/photo_quiz_game_screen.dart,248,Photo Quiz Game - Loading Screen,Ana shirya tambayoyi...,Loading message - 'Preparing questions...',,HIGH
89,lib/screens/photo_quiz_game_screen.dart,269,Photo Quiz Game - Exit Dialog Title,Bar gwaji?,Dialog title - 'Leave quiz?',,HIGH
90,lib/screens/photo_quiz_game_screen.dart,271,Photo Quiz Game - Exit Dialog Content,Ka tabbata kana son barin wannan gwaji?,Dialog content - 'Are you sure you want to leave this quiz?',,HIGH
91,lib/screens/photo_quiz_game_screen.dart,277,Photo Quiz Game - Exit Dialog No Button,A'a,Dialog button - 'No',,HIGH
92,lib/screens/photo_quiz_game_screen.dart,281,Photo Quiz Game - Exit Dialog Yes Button,I,Dialog button - 'Yes',,HIGH
93,lib/screens/photo_quiz_game_screen.dart,296,Photo Quiz Game - AppBar Title,Tambaya ${_currentQuestionIndex + 1}/${_questions.length},AppBar title showing question number (with interpolation),,HIGH
94,lib/screens/photo_quiz_game_screen.dart,358,Photo Quiz Game - Score Badge,Daidai,Correct answers label,,HIGH
95,lib/screens/photo_quiz_game_screen.dart,367,Photo Quiz Game - Score Badge,Kuskure,Wrong answers label,,HIGH
96,lib/screens/photo_quiz_game_screen.dart,391,Photo Quiz Game - Streak Message,Ci gaba haka! $_currentStreak daidai a jere,Streak message - 'Keep going! X correct in a row' (with interpolation),,HIGH
97,lib/screens/photo_quiz_game_screen.dart,486,Photo Quiz Game - Question Text,Mene ne sunan wannan?,Question text - 'What is the name of this?',,HIGH
98,lib/screens/photo_quiz_game_screen.dart,561,Photo Quiz Game - Image Not Available,Hoton ba ya samuwa,Error message - 'Image not available',,LOW
99,lib/screens/photo_quiz_screen.dart,18,Photo Quiz - AppBar,Kacici-Kacicin Hotuna,AppBar title - 'Photo Quiz',,HIGH
100,lib/screens/photo_quiz_screen.dart,51,Photo Quiz - Header Card,Gwajin Hotuna,Header title - 'Photo Quiz',,HIGH
101,lib/screens/photo_quiz_screen.dart,60,Photo Quiz - Header Description,Za…ìi nau'in hoton da kake son gwada,Description - 'Choose the type of photo you want to test',,HIGH
102,lib/screens/runbun_hotuna_screen.dart,59,Runbun Hotuna - AppBar,Runbun Hotuna,AppBar title - 'Photo Gallery',,HIGH
103,lib/screens/runbun_hotuna_screen.dart,72,Runbun Hotuna - Search Field,Nemo hoto...,Search field hint - 'Search photo...',,HIGH
104,lib/screens/runbun_hotuna_screen.dart,97,Runbun Hotuna - Filter Chip All,Duka,Filter chip - 'All',,HIGH
105,lib/screens/runbun_hotuna_screen.dart,98,Runbun Hotuna - Filter Chip Animals,Dabbobi,Filter chip - 'Animals',,HIGH
106,lib/screens/runbun_hotuna_screen.dart,99,Runbun Hotuna - Filter Chip Food,Abinci,Filter chip - 'Food',,HIGH
107,lib/screens/runbun_hotuna_screen.dart,100,Runbun Hotuna - Filter Chip Traditional,Gargajiya,Filter chip - 'Traditional',,HIGH
108,lib/screens/runbun_hotuna_screen.dart,101,Runbun Hotuna - Filter Chip Plants,Tsire-tsire,Filter chip - 'Plants',,HIGH
109,lib/screens/runbun_hotuna_screen.dart,102,Runbun Hotuna - Filter Chip Cities,Biranen,Filter chip - 'Cities',,HIGH
110,lib/screens/runbun_hotuna_screen.dart,123,Runbun Hotuna - Empty State,Ba a sami hoto,Empty state message - 'No photos found',,MEDIUM
111,lib/screens/runbun_hotuna_screen.dart,140,Runbun Hotuna - Results Count,${_filteredItems.length} hotuna,Results count - 'X photos' (with interpolation),,MEDIUM
112,lib/screens/runbun_hotuna_detail_screen.dart,66,Runbun Hotuna Detail - Removed from Favorites SnackBar,An cire daga abubuwan da ka fi so,SnackBar when removed from favorites,,MEDIUM
113,lib/screens/runbun_hotuna_detail_screen.dart,88,Runbun Hotuna Detail - Added to Favorites SnackBar,An adana a cikin abubuwan da ka fi so ‚ù§Ô∏è,SnackBar when added to favorites (with emoji),,MEDIUM
114,lib/screens/runbun_hotuna_detail_screen.dart,99,Runbun Hotuna Detail - Error SnackBar,Kuskure! Sake gwadawa,Error message - 'Error! Try again',,LOW
115,lib/screens/runbun_hotuna_detail_screen.dart,208,Runbun Hotuna Detail - Description Section,Bayani,Section header - 'Description/Information',,MEDIUM
116,lib/screens/runbun_hotuna_detail_screen.dart,229,Runbun Hotuna Detail - Cultural Note Section,Bayanin Al'ada,Section header - 'Cultural Note',,MEDIUM
117,lib/screens/runbun_hotuna_detail_screen.dart,262,Runbun Hotuna Detail - Related Proverbs Section,Karin Magana masu Alaka,Section header - 'Related Proverbs',,MEDIUM
118,lib/screens/runbun_hotuna_detail_screen.dart,290,Runbun Hotuna Detail - No Related Proverbs,Ba a sami karin magana masu alaka da "${widget.item.hausaName}",Message when no related proverbs found (with interpolation),,MEDIUM
119,lib/screens/runbun_hotuna_detail_screen.dart,315,Runbun Hotuna Detail - Proverbs Count,${_relatedProverbs.length} karin magana,Count of related proverbs (with interpolation),,MEDIUM
120,lib/screens/runbun_hotuna_detail_screen.dart,401,Runbun Hotuna Detail - Tap for Details,Matsa don cikakken bayani,Instruction - 'Tap for full details',,MEDIUM
121,lib/screens/runbun_hotuna_detail_screen.dart,525,Runbun Hotuna Detail - Meaning Label,Ma'ana:,Label - 'Meaning:',,MEDIUM
122,lib/screens/profile_screen.dart,116,Profile - AppBar,Bayani,AppBar title - 'Profile/Information',,HIGH
123,lib/screens/profile_screen.dart,159,Profile - Welcome Message,Barka Dai!,Greeting - 'Welcome!',,HIGH
124,lib/screens/profile_screen.dart,168,Profile - User Role,Mai Koyon Karin Magana,User role description - 'Proverb Learner',,HIGH
125,lib/screens/profile_screen.dart,187,Profile - Stats Section Header,Tattaunawa,Section header - 'Statistics/Overview',,MEDIUM
126,lib/screens/profile_screen.dart,216,Profile - User Level Label,Matsayinka,Label - 'Your Level/Rank',,MEDIUM
127,lib/screens/profile_screen.dart,267,Profile - Proverbs Stat Card,Karin Magana,Stat label - 'Proverbs',,MEDIUM
128,lib/screens/profile_screen.dart,276,Profile - Photos Stat Card,Hotuna,Stat label - 'Photos',,MEDIUM
129,lib/screens/profile_screen.dart,289,Profile - Favorites Stat Card,Abubuwa da na fi so,Stat label - 'Favorites',,MEDIUM
130,lib/screens/profile_screen.dart,298,Profile - Quizzes Stat Card,Gwaje-gwaje,Stat label - 'Quizzes',,MEDIUM
131,lib/screens/profile_screen.dart,311,Profile - Average Score Stat Card,Matsakaicin Maki,Stat label - 'Average Score',,MEDIUM
132,lib/screens/profile_screen.dart,320,Profile - Proverb Quizzes Stat Card,Kacici-kacicin Karin Magana,Stat label - 'Proverb Quizzes',,MEDIUM
133,lib/screens/profile_screen.dart,333,Profile - Photo Quizzes Stat Card,Kacici-kacicin Hotuna,Stat label - 'Photo Quizzes',,MEDIUM
134,lib/screens/profile_screen.dart,349,Profile - Settings Section Header,Saite-saite,Section header - 'Settings',,MEDIUM
135,lib/screens/profile_screen.dart,361,Profile - Notifications Toggle,Sanarwa,Toggle title - 'Notifications',,MEDIUM
136,lib/screens/profile_screen.dart,362,Profile - Notifications Subtitle,Kar…ìi sanarwar yau da kullun,Toggle subtitle - 'Receive daily notifications',,MEDIUM
137,lib/screens/profile_screen.dart,381,Profile - Notifications Enabled SnackBar,‚úÖ Sanarwa ta kunna! Daily notifications enabled!,SnackBar - 'Notifications enabled!' (Mixed Hausa/English),,MEDIUM
138,lib/screens/profile_screen.dart,394,Profile - Permission Denied SnackBar,‚ö†Ô∏è Izini ba a bayar ba. Permission denied.,SnackBar - 'Permission not granted' (Mixed Hausa/English),,MEDIUM
139,lib/screens/profile_screen.dart,409,Profile - Notifications Disabled SnackBar,üîï Sanarwa ta kashe. Notifications disabled.,SnackBar - 'Notifications disabled' (Mixed Hausa/English),,MEDIUM
140,lib/screens/profile_screen.dart,419,Profile - Language Setting,Yaare,Setting label - 'Language',,MEDIUM
141,lib/screens/profile_screen.dart,429,Profile - Text Size Setting,Girman Rubutu,Setting label - 'Text Size',,MEDIUM
142,lib/screens/profile_screen.dart,430,Profile - Text Size Value,Matsakaici,Setting value - 'Medium',,MEDIUM
143,lib/screens/profile_screen.dart,444,Profile - About Section Header,Game da Manhaja,Section header - 'About the App',,MEDIUM
144,lib/screens/profile_screen.dart,456,Profile - Quiz History Menu Item,Tarihin Gwaje-gwaje,Menu item - 'Quiz History',,MEDIUM
145,lib/screens/profile_screen.dart,457,Profile - Quiz History Subtitle,Duba sakamakon gwaje-gwaje,Menu subtitle - 'View quiz results',,MEDIUM
146,lib/screens/profile_screen.dart,471,Profile - About App Menu Item,Game da Duniyar Hausawa,Menu item - 'About Duniyar Hausawa',,MEDIUM
147,lib/screens/profile_screen.dart,478,Profile - Culture Menu Item,Al'adun Hausawa,Menu item - 'Hausa Culture',,MEDIUM
148,lib/screens/profile_screen.dart,479,Profile - Culture Subtitle,Koyi game da al'adun Hausawa,Menu subtitle - 'Learn about Hausa culture',,MEDIUM
149,lib/screens/profile_screen.dart,486,Profile - Share App Menu Item,Tura Manhaja,Menu item - 'Share App',,MEDIUM
150,lib/screens/profile_screen.dart,493,Profile - Rate App Menu Item,Bamu Maki,Menu item - 'Rate Us',,MEDIUM
151,lib/screens/profile_screen.dart,494,Profile - Rate App Subtitle,Bayyana ra'ayinka game da manhaja,Menu subtitle - 'Share your opinion about the app',,MEDIUM
152,lib/screens/profile_screen.dart,501,Profile - Feedback Menu Item,Aika Sako,Menu item - 'Send Message/Feedback',,MEDIUM
153,lib/screens/profile_screen.dart,502,Profile - Feedback Subtitle,Tuntube mu,Menu subtitle - 'Contact us',,MEDIUM
154,lib/screens/profile_screen.dart,509,Profile - Privacy Policy Menu Item,Tsarin Sirri,Menu item - 'Privacy Policy',,MEDIUM
155,lib/screens/profile_screen.dart,539,Profile - Version Text,Sigar 1.0.0,Version info - 'Version 1.0.0',,LOW
156,lib/screens/profile_screen.dart,554,Profile - Footer Message,An gina da ‚ù§Ô∏è don kare martabar al'adun Hausawa,Footer message - 'Built with love to preserve Hausa culture' (with emoji),,LOW
157,lib/screens/profile_screen.dart,622,Profile - About Dialog Title,Game da Duniyar Hausawa,Dialog title - 'About Duniyar Hausawa',,MEDIUM
158,lib/screens/profile_screen.dart,631,Profile - About Dialog Content,Duniyar Hausawa manhaja ce ta koyon al'adun Hausawa mai …óauke da:,Dialog intro - App description,,MEDIUM
159,lib/screens/profile_screen.dart,635,Profile - About Dialog Bullet 1,Karin maganar Hausa sama da 2,000,Feature bullet - 'Over 2,000 Hausa proverbs',,MEDIUM
160,lib/screens/profile_screen.dart,636,Profile - About Dialog Bullet 2,∆òayataccen Kacici-kacici,Feature bullet - 'Interactive quizzes',,MEDIUM
161,lib/screens/profile_screen.dart,637,Profile - About Dialog Bullet 3,Hotuna da bayanai kan al'adun Hausawa,Feature bullet - 'Photos and information on Hausa culture',,MEDIUM
162,lib/screens/profile_screen.dart,638,Profile - About Dialog Bullet 4,Damar ajiye abubuwan da kuka fi so,Feature bullet - 'Ability to save favorites',,MEDIUM
163,lib/screens/profile_screen.dart,641,Profile - About Dialog Mission,Manufar mu ita ce kare, tunatarwa, da inganta sanin al'adun Hausawa ga kowane mutum.,Mission statement,,MEDIUM
164,lib/screens/profile_screen.dart,650,Profile - Dialog Close Button,Rufe,Button - 'Close',,MEDIUM
165,lib/screens/profile_screen.dart,665,Profile - Culture Dialog Title,Al'adun Hausawa,Dialog title - 'Hausa Culture',,MEDIUM
166,lib/screens/profile_screen.dart,674,Profile - Culture Dialog Intro,"Yaren Hausa shi ne mafi yaren da aka fi yi a Najeriya da kuma yankunan Yammacin Afirka. A ∆òasar Saudia da sauran wasu ∆ôasashen dake tsakiyar gabashin Duniya, akwai miliyoyin mutanen dake yin yaren Hausa",Hausa language introduction,,MEDIUM
167,lib/screens/profile_screen.dart,678,Profile - Culture Dialog Header,Al'adun Hausawa sun ∆ôunshi:,Section header - 'Hausa culture includes:',,MEDIUM
168,lib/screens/profile_screen.dart,680,Profile - Culture Dialog Bullet 1,Ciyayya - Al'adar cin abinci tare da ma∆ôwabta cikin annashuwa da taimakon juna,Cultural practice description,,MEDIUM
169,lib/screens/profile_screen.dart,681,Profile - Culture Dialog Bullet 2,Zance - Hanyar soyayya ta gargajiya tsakanin matasa da dare,Cultural practice description,,MEDIUM
170,lib/screens/profile_screen.dart,682,Profile - Culture Dialog Bullet 3,Budurcin 'yan mata da martabarta kafin aure da binciken al'ada,Cultural practice description,,MEDIUM
171,lib/screens/profile_screen.dart,683,Profile - Culture Dialog Bullet 4,Auren ha…ói ko na …óan dangi don ∆ôarfafa zumunta da zaman lafiya,Cultural practice description,,MEDIUM
172,lib/screens/profile_screen.dart,684,Profile - Culture Dialog Bullet 5,Ilimi da masana,Cultural value - 'Knowledge and scholars',,MEDIUM
173,lib/screens/profile_screen.dart,685,Profile - Culture Dialog Bullet 6,Ri∆ôe …óabi'u daga Maguzanci zuwa Musulunci,Cultural practice description,,MEDIUM
174,lib/screens/profile_screen.dart,686,Profile - Culture Dialog Bullet 7,Sana'o'i da kasuwanci cikin ha…óin kai,Cultural practice - 'Crafts and trade in cooperation',,MEDIUM
175,lib/screens/profile_screen.dart,687,Profile - Culture Dialog Bullet 8,Tufafi na gargajiya da gine-gine na musamman,Cultural feature - 'Traditional clothing and architecture',,MEDIUM
176,lib/screens/profile_screen.dart,688,Profile - Culture Dialog Bullet 9,"Karin magana: ""Naka naka ne ko ya ci namanka ba zai tauna ∆ôashin ba""",Sample proverb,,MEDIUM
177,lib/screens/profile_screen.dart,689,Profile - Culture Dialog Bullet 10,Sauyin zamani: Daga al'adun da zuwa na yanzu,Cultural evolution note,,MEDIUM
178,lib/screens/profile_screen.dart,692,Profile - Culture Dialog Conclusion,Karin magana muhimman fanni ne na al'ada da  ilimi dan ∆ôoyon hikima, …óabi'a, da fasahar rayuwa.,Importance of proverbs statement,,MEDIUM
179,lib/screens/profile_screen.dart,732,Profile - Share App Text Header,üá≥üá¨ Duniyar Hausawa - Koyon Karin Magana,Share text header (with emoji),,MEDIUM
180,lib/screens/profile_screen.dart,734,Profile - Share App Text Line 1,∆äauko manhaja mai girma domin koyon karin maganar Hausawa!,Share text - 'Download great app for learning Hausa proverbs',,MEDIUM
181,lib/screens/profile_screen.dart,736,Profile - Share App Text Line 2,‚úì Sama da karin magana dubu biyu,Share text feature,,MEDIUM
182,lib/screens/profile_screen.dart,737,Profile - Share App Text Line 3,‚úì Kacici-kacici,Share text feature - 'Quizzes',,MEDIUM
183,lib/screens/profile_screen.dart,738,Profile - Share App Text Line 4,‚úì Bayanai kan al'adun Hausawa,Share text feature - 'Information on Hausa culture',,MEDIUM
184,lib/screens/profile_screen.dart,740,Profile - Share App Text CTA,∆äauko yanzu!,Call to action - 'Download now!',,MEDIUM
185,lib/screens/profile_screen.dart,748,Profile - Share Success SnackBar,An kwafa! Za ka iya ya…óawa a social media,SnackBar - 'Copied! You can share on social media',,MEDIUM
186,lib/screens/profile_screen.dart,759,Profile - Rate App Dialog Title,Bamu Maki,Dialog title - 'Rate Us',,MEDIUM
187,lib/screens/profile_screen.dart,761,Profile - Rate App Dialog Content,"Ka yi amfani da Duniyar Hausawa?\n\nMuna so mu san ra'ayinka! Bamu maki a cikin runbun manhaja wato app store.",Dialog content asking for rating,,MEDIUM
188,lib/screens/profile_screen.dart,766,Profile - Rate Dialog Cancel Button,Koma baya,Button - 'Go back',,MEDIUM
189,lib/screens/profile_screen.dart,773,Profile - Rate Dialog Confirm Button,Bamu Maki,Button - 'Rate Us',,MEDIUM
190,lib/screens/profile_screen.dart,784,Profile - Feedback Dialog Title,Aika Sa∆ôo,Dialog title - 'Send Message',,MEDIUM
191,lib/screens/profile_screen.dart,789,Profile - Feedback Dialog Content Line 1,Zamu so muji daga gareka!,Dialog content - 'We would love to hear from you!',,MEDIUM
192,lib/screens/profile_screen.dart,791,Profile - Feedback Dialog Content Line 2,Tuntu…ìe mu ta:,Dialog content - 'Contact us via:',,MEDIUM
193,lib/screens/profile_screen.dart,809,Profile - Email Copied SnackBar,An kwafi adireshin email!,SnackBar - 'Email address copied!',,MEDIUM
194,lib/screens/profile_screen.dart,812,Profile - Copy Email Button,Kwafi Email,Button - 'Copy Email',,MEDIUM
195,lib/screens/privacy_policy_screen.dart,96,Privacy Policy - Section 1 Title,1. Tattara Bayanai,Section title - 'Data Collection',,MEDIUM
196,lib/screens/privacy_policy_screen.dart,97,Privacy Policy - Section 1 Content,"Duniyar Hausawa ba ya tattara ko aika bayanan ku zuwa wani sabar. Duk bayananku suna adanawa a cikin na'urar ku kawai.",Privacy policy content,,MEDIUM
197,lib/screens/privacy_policy_screen.dart,100,Privacy Policy - Section 2 Title,2. Bayanan da Ake Adanawa,Section title - 'Information Stored',,MEDIUM
198,lib/screens/privacy_policy_screen.dart,101,Privacy Policy - Section 2 Content,"Muna adana:\n‚Ä¢ Sakamakon gwaje-gwaje\n‚Ä¢ Abubuwan da kuka fi so\n‚Ä¢ Ci gaban koyo\n‚Ä¢ Saitunan manhaja",Privacy policy content listing stored data,,MEDIUM
199,lib/screens/privacy_policy_screen.dart,108,Privacy Policy - Section 3 Title,3. Raba Bayanai,Section title - 'Data Sharing',,MEDIUM
200,lib/screens/privacy_policy_screen.dart,109,Privacy Policy - Section 3 Content,Ba ma raba bayananku da wani kamfani ko mutum. Duk bayanan suna a kan na'urar ku kawai.,Privacy policy content,,MEDIUM
201,lib/screens/privacy_policy_screen.dart,112,Privacy Policy - Section 4 Title,4. Tsaro,Section title - 'Security',,MEDIUM
202,lib/screens/privacy_policy_screen.dart,113,Privacy Policy - Section 4 Content,Bayananku suna cikin aminci saboda suna adanawa a cikin na'urar ku. SQLite database da SharedPreferences sune muke amfani dasu.,Privacy policy content on data security (Contains English technical terms),,MEDIUM
203,lib/screens/privacy_policy_screen.dart,116,Privacy Policy - Section 5 Title,5. Hakkin ku,Section title - 'Your Rights',,MEDIUM
204,lib/screens/privacy_policy_screen.dart,117,Privacy Policy - Section 5 Content,Kuna da ikon share ko gyara duk bayanan da kuka adana ta hanyar share manhaja.,Privacy policy content on user rights,,MEDIUM
205,lib/screens/privacy_policy_screen.dart,120,Privacy Policy - Section 6 Title,6. Internet,Section title - 'Internet',,MEDIUM
206,lib/screens/privacy_policy_screen.dart,121,Privacy Policy - Section 6 Content,Wannan manhaja ba ya bu∆ôatar internet. Duk ayyukan suna aiki ba tare da ha…ói ba.,Privacy policy content on offline functionality,,MEDIUM
207,lib/screens/quiz_history_screen.dart,89,Quiz History - AppBar,Tarihin Gwaje-gwaje,AppBar title - 'Quiz History',,HIGH
208,lib/screens/quiz_history_screen.dart,134,Quiz History - Stat Card,Jimillar Gwaje-gwaje,Stat label - 'Total Quizzes',,MEDIUM
209,lib/screens/quiz_history_screen.dart,143,Quiz History - Stat Card,Matsakaicin Maki,Stat label - 'Average Score',,MEDIUM
210,lib/screens/quiz_history_screen.dart,156,Quiz History - Stat Card,Mafi Girman Maki,Stat label - 'Best Score',,MEDIUM
211,lib/screens/quiz_history_screen.dart,165,Quiz History - Stat Card,Daidai,Stat label - 'Correct',,MEDIUM
212,lib/screens/quiz_history_screen.dart,227,Quiz History - Empty State Proverb Quiz,Ba ka yi gwajin karin magana tukuna,Empty state message - 'You haven't taken proverb quiz yet',,MEDIUM
213,lib/screens/quiz_history_screen.dart,236,Quiz History - Empty State CTA,Ka fara gwaji don ganin ci gaban ka!,Call to action - 'Start a quiz to see your progress!',,MEDIUM
214,lib/screens/quiz_history_screen.dart,269,Quiz History - Score Label Excellent,Ma∆ôwarai!,Score label for excellent performance,,MEDIUM
215,lib/screens/quiz_history_screen.dart,273,Quiz History - Score Label Good,Mai kyau!,Score label for good performance,,MEDIUM
216,lib/screens/quiz_history_screen.dart,277,Quiz History - Score Label Keep Going,Ci gaba!,Score label - 'Keep going!',,MEDIUM
217,lib/screens/quiz_history_screen.dart,281,Quiz History - Score Label Try Harder,Ka ∆ôara ∆ôo∆ôari!,Score label - 'Try harder!',,MEDIUM
218,lib/screens/quiz_history_screen.dart,335,Quiz History - Results Display,${quiz.correctAnswers} daidai daga ${quiz.totalQuestions},Results display - 'X correct out of Y' (with interpolation),,MEDIUM
219,lib/screens/quiz_history_screen.dart,377,Quiz History - Empty State Photo Quiz,Ba ka yi gwajin hotuna tukuna,Empty state message - 'You haven't taken photo quiz yet',,MEDIUM
220,lib/screens/quiz_history_screen.dart,489,Quiz History - Photo Quiz Results,$correct daidai daga $total ($category),Photo quiz results display (with interpolation),,MEDIUM
221,lib/screens/quiz_history_screen.dart,526,Quiz History - Detail Dialog Title,Cikakken Bayani,Dialog title - 'Full Details',,MEDIUM
222,lib/screens/quiz_history_screen.dart,531,Quiz History - Detail Row Maki,Maki:,Detail row label - 'Score:',,MEDIUM
223,lib/screens/quiz_history_screen.dart,533,Quiz History - Detail Row Daidai,Daidai:,Detail row label - 'Correct:',,MEDIUM
224,lib/screens/quiz_history_screen.dart,534,Quiz History - Detail Row Kuskure,Kuskure:,Detail row label - 'Wrong:',,MEDIUM
225,lib/screens/quiz_history_screen.dart,535,Quiz History - Detail Row Questions,Jimillar Tambayoyi:,Detail row label - 'Total Questions:',,MEDIUM
226,lib/screens/quiz_history_screen.dart,537,Quiz History - Detail Row Date,Ranar:,Detail row label - 'Date:',,MEDIUM
227,lib/screens/quiz_history_screen.dart,538,Quiz History - Detail Row Time,Lokaci:,Detail row label - 'Time:',,MEDIUM
228,lib/screens/quiz_history_screen.dart,544,Quiz History - Detail Dialog Close,Rufe,Button - 'Close',,MEDIUM
229,lib/screens/quiz_history_screen.dart,575,Quiz History - Photo Quiz Detail Category,Nau'i:,Detail row label - 'Category/Type:',,MEDIUM
230,lib/screens/leaderboard_screen.dart,40,Leaderboard - Username Dialog Title,Saita Sunan Ka,Dialog title - 'Set Your Name',,MEDIUM
231,lib/screens/leaderboard_screen.dart,44,Leaderboard - Username Field Label,Suna,Field label - 'Name',,MEDIUM
232,lib/screens/leaderboard_screen.dart,52,Leaderboard - Username Dialog Cancel,Soke,Button - 'Cancel',,MEDIUM
233,lib/screens/leaderboard_screen.dart,61,Leaderboard - Username Saved SnackBar,An saita sunan ka!,SnackBar - 'Your name has been set!',,MEDIUM
234,lib/screens/leaderboard_screen.dart,66,Leaderboard - Username Dialog Save,Ajiye,Button - 'Save',,MEDIUM
235,lib/screens/leaderboard_screen.dart,77,Leaderboard - AppBar,Gasar Gwaji,AppBar title - 'Competition/Leaderboard',,HIGH
236,lib/screens/leaderboard_screen.dart,82,Leaderboard - Set Name Tooltip,Saita Suna,Tooltip - 'Set Name',,MEDIUM
237,lib/screens/leaderboard_screen.dart,100,Leaderboard - Error Message,Kuskure: ${snapshot.error},Error message with details (with interpolation),,LOW
238,lib/screens/leaderboard_screen.dart,106,Leaderboard - Retry Button,Sake Gwadawa,Button - 'Try Again',,MEDIUM
239,lib/screens/leaderboard_screen.dart,123,Leaderboard - Empty State Line 1,Babu wanda ya shiga gwaji tukuna!,Empty state - 'No one has taken a quiz yet!',,MEDIUM
240,lib/screens/leaderboard_screen.dart,128,Leaderboard - Empty State Line 2,Ka fara wasa don ka kasance na farko!,Empty state CTA - 'Start playing to be the first!',,MEDIUM
241,lib/screens/leaderboard_screen.dart,318,Leaderboard - Current User Card Header,Matsayinka,Card header - 'Your Rank/Position',,HIGH
242,lib/screens/leaderboard_screen.dart,340,Leaderboard - Rank Label,Matsayi,Label - 'Rank',,MEDIUM
243,lib/screens/leaderboard_screen.dart,356,Leaderboard - Average Label,Matsakaici,Label - 'Average',,MEDIUM
244,lib/screens/leaderboard_screen.dart,372,Leaderboard - Quizzes Label,Gwaji,Label - 'Quizzes',,MEDIUM
245,lib/screens/leaderboard_screen.dart,431,Leaderboard - Entry Subtitle,${entry.level} ‚Ä¢ ${entry.totalQuizzes} gwaji,Entry subtitle showing level and quiz count (with interpolation),,MEDIUM
246,lib/screens/leaderboard_screen.dart,445,Leaderboard - Score Display,${entry.totalScore} maki,Score display - 'X points' (with interpolation),,MEDIUM
247,lib/screens/photo_quiz_results_screen.dart,101,Photo Quiz Results - Share SnackBar,An kwafi sakamakon!,SnackBar - 'Results copied!',,MEDIUM
248,lib/screens/photo_quiz_results_screen.dart,130,Photo Quiz Results - AppBar,Sakamakon Gwaji,AppBar title - 'Quiz Results',,HIGH
249,lib/screens/photo_quiz_results_screen.dart,231,Photo Quiz Results - Stat Card,Daidai,Stat label - 'Correct',,HIGH
250,lib/screens/photo_quiz_results_screen.dart,240,Photo Quiz Results - Stat Card,Kuskure,Stat label - 'Wrong',,HIGH
251,lib/screens/photo_quiz_results_screen.dart,255,Photo Quiz Results - Stat Card,Tambayoyi,Stat label - 'Questions',,HIGH
252,lib/screens/photo_quiz_results_screen.dart,264,Photo Quiz Results - Stat Card,Lokaci,Stat label - 'Time',,HIGH
253,lib/screens/photo_quiz_results_screen.dart,278,Photo Quiz Results - Max Streak Card,Jere mafi girma,Stat label - 'Max streak',,HIGH
254,lib/screens/photo_quiz_results_screen.dart,289,Photo Quiz Results - Retry Button,Sake Gwadawa,Button to retry quiz,,HIGH
255,lib/screens/photo_quiz_results_screen.dart,305,Photo Quiz Results - Share Button,Raba Sakamako,Button to share results,,HIGH
256,lib/screens/photo_quiz_results_screen.dart,321,Photo Quiz Results - Home Button,Koma Gida,Button to go home,,HIGH
257,lib/screens/photo_quiz_results_screen.dart,419,Photo Quiz Results - Motivational (90%+),Kai! ∆òa ∆ôware sosai wajen ${widget.category.hausaName}!,Excellent performance message (with interpolation),,MEDIUM
258,lib/screens/photo_quiz_results_screen.dart,421,Photo Quiz Results - Motivational (80%+),∆òwarai! Ka sani ${widget.category.hausaName} sosai!,Very good performance message (with interpolation),,MEDIUM
259,lib/screens/photo_quiz_results_screen.dart,423,Photo Quiz Results - Motivational (70%+),Ka yi kyau! ∆òara nazari ${widget.category.hausaName}!,Good performance message (with interpolation),,MEDIUM
260,lib/screens/photo_quiz_results_screen.dart,425,Photo Quiz Results - Motivational (60%+),Ba kwa lafiya! Ci gaba da koyon ${widget.category.hausaName}!,Encouraging message (with interpolation),,MEDIUM
261,lib/screens/photo_quiz_results_screen.dart,427,Photo Quiz Results - Motivational (<60%),∆òara ∆ôo∆ôari! Za ka ∆ôware ${widget.category.hausaName}!,Try harder message (with interpolation),,MEDIUM
262,lib/models/photo_quiz_model.dart,86,Photo Quiz Category - Cities,Biranen Hausawa,Category name - 'Hausa Cities',,HIGH
263,lib/models/photo_quiz_model.dart,90,Photo Quiz Category - Cities Description,Gano biranen Hausawa masu tarihi,Category description - 'Discover historic Hausa cities',,HIGH
264,lib/models/photo_quiz_model.dart,94,Photo Quiz Category - Animals,Dabbobi,Category name - 'Animals',,HIGH
265,lib/models/photo_quiz_model.dart,98,Photo Quiz Category - Animals Description,Koyi sunayen dabbobi cikin Hausa,Category description - 'Learn animal names in Hausa',,HIGH
266,lib/models/photo_quiz_model.dart,102,Photo Quiz Category - Food,Abinci,Category name - 'Food',,HIGH
267,lib/models/photo_quiz_model.dart,106,Photo Quiz Category - Food Description,Abincin gargajiyar Hausawa,Category description - 'Traditional Hausa food',,HIGH
268,lib/models/photo_quiz_model.dart,110,Photo Quiz Category - Traditional,Kayan Gargajiya,Category name - 'Traditional Items',,HIGH
269,lib/models/photo_quiz_model.dart,114,Photo Quiz Category - Traditional Description,Kayan al'adun Hausawa na dƒÅ,Category description - 'Traditional Hausa cultural items',,HIGH
270,lib/models/photo_quiz_model.dart,118,Photo Quiz Category - Plants,Tsire-tsire,Category name - 'Plants',,HIGH
271,lib/models/photo_quiz_model.dart,122,Photo Quiz Category - Plants Description,Tsire-tsire da 'ya'yan itatuwa,Category description - 'Plants and fruits',,HIGH